EmployeeID,FullName,Gender,Age,DepartmentID,JobTitle,HireDate,TerminatedDate,BaseSalary,PerformanceRating
EMP-2001,James Butler,Female,54,DEP-05,Accountant,2023-03-29,,699,3
EMP-2002,Eric Sanders,Male,35,DEP-02,Sales Manager,2021-03-27,2023-02-02,4036,2
EMP-2003,Daniel Payne,Male,32,DEP-03,Recruiter,2020-11-11,,995,4
EMP-2004,Donald Reeves,Female,42,DEP-01,QA Tester,2020-02-24,,1566,4
EMP-2005,Kenneth Watson,Female,26,DEP-02,Sales Manager,2022-09-26,,2053,2
EMP-2006,Anne Nielsen,Female,43,DEP-04,Content Creator,2020-05-17,,826,3
EMP-2007,Deborah Freeman,Female,26,DEP-06,Logistics Coordinator,2022-04-03,2023-05-22,1466,4
EMP-2008,Andrea Anderson,Female,35,DEP-04,Marketing Manager,2018-01-27,,3100,3
EMP-2009,Brenda Boone,Female,22,DEP-05,Accountant,2018-03-31,2019-10-11,1336,3
EMP-2010,Julia Brown,Male,33,DEP-03,HR Manager,2018-05-22,,2968,3
EMP-2011,Dylan Jones,Male,58,DEP-03,HR Specialist,2022-07-16,,1342,3
EMP-2012,Tyler Miller III,Female,55,DEP-04,SEO Specialist,2023-09-22,2025-02-01,971,2
EMP-2013,Tiffany West,Male,44,DEP-06,Operations Associate,2018-09-28,2019-04-28,1778,5
EMP-2014,Catherine Cardenas,Female,51,DEP-05,Finance Manager,2019-05-02,,3968,3
EMP-2015,Kristin Nolan,Male,50,DEP-06,Operations Associate,2020-04-02,,1720,3
EMP-2016,Brittany Oconnor,Male,46,DEP-02,Sales Representative,2021-07-01,,1291,4
EMP-2017,Zachary Miles,Female,34,DEP-01,Senior Developer,2023-03-12,,1435,3
EMP-2018,Melissa Payne,Female,31,DEP-03,HR Manager,2019-01-07,,2347,3
EMP-2019,Taylor Nelson,Male,55,DEP-03,Recruiter,2022-10-07,,829,4
EMP-2020,Monica Jackson,Male,22,DEP-03,HR Specialist,2021-02-23,,960,5
EMP-2021,Michael Stephens,Female,43,DEP-01,QA Tester,2025-05-10,2026-05-15,691,2
EMP-2022,Erin Andrews,Female,57,DEP-02,Account Executive,2025-05-29,,1000,4
EMP-2023,Eric Morgan,Female,40,DEP-05,Finance Manager,2021-10-01,2022-04-17,1747,3
EMP-2024,Nicole Roberts,Female,25,DEP-03,HR Manager,2022-07-10,,2841,2
EMP-2025,Brad Johnson,Male,29,DEP-06,Operations Associate,2020-06-04,,903,3
EMP-2026,Sabrina Summers,Male,50,DEP-02,Account Executive,2022-02-24,,648,3
EMP-2027,Gregory Mccoy,Female,35,DEP-06,Operations Associate,2023-10-03,2026-02-07,1726,3
EMP-2028,Cynthia James,Female,38,DEP-02,Account Executive,2021-05-14,,1216,2
EMP-2029,Jonathan Manning,Male,24,DEP-02,Account Executive,2023-02-07,,1208,2
EMP-2030,Jesus Knox,Female,39,DEP-02,Sales Representative,2022-12-03,2024-08-23,705,2
EMP-2031,Terri House,Male,51,DEP-05,Finance Manager,2018-05-18,,4367,4
EMP-2032,Seth Zimmerman,Male,39,DEP-05,Accountant,2022-08-14,,1525,3
EMP-2033,Susan Price,Female,24,DEP-05,Accountant,2025-02-17,,726,3
EMP-2034,Marcus Olsen,Male,43,DEP-06,Logistics Coordinator,2018-12-19,,1521,2
EMP-2035,Jesse Vaughn,Male,48,DEP-05,Finance Manager,2019-08-25,2021-06-15,4123,3
EMP-2036,Reginald Patterson,Male,35,DEP-01,DevOps Engineer,2020-09-03,,1331,3
EMP-2037,William Thomas,Male,34,DEP-06,Operations Manager,2020-08-09,,4204,3
EMP-2038,Margaret Russell,Male,50,DEP-06,Operations Associate,2024-08-02,,993,3
EMP-2039,Nicole Riley,Male,36,DEP-02,Sales Representative,2023-10-17,,1646,3
EMP-2040,John Reynolds,Female,58,DEP-01-OLD,Senior Developer,2023-09-14,,1724,2
EMP-2041,Shannon Stevenson,Male,24,DEP-06,Logistics Coordinator,2019-03-26,,826,3
EMP-2042,Ryan Kirby,Male,30,DEP-04,Marketing Manager,2021-02-01,,2850,3
EMP-2043,William Rogers,Male,25,DEP-06,Operations Associate,2021-03-26,,1686,3
EMP-2044,Meghan Ward,Female,46,DEP-01,DevOps Engineer,2020-08-21,,939,3
EMP-2045,William Bates,Female,43,DEP-06,Operations Manager,2019-09-13,2022-06-04,4102,5
EMP-2046,Kara Watts,Male,52,DEP-06,Operations Associate,2021-06-02,2023-01-01,1094,3
EMP-2047,Jose Hardy,Female,53,DEP-02,Sales Representative,2019-09-12,,936,3
EMP-2048,Mark Peterson,Male,34,DEP-04,Content Creator,2021-01-26,2023-09-08,655,4
EMP-2049,Alan Moore,Male,38,DEP-03,HR Specialist,2021-06-30,,1676,3
EMP-2050,Stephanie Rodriguez,Male,51,DEP-01,QA Tester,2020-11-08,,1356,3
EMP-2051,Luke Lawrence,Male,27,DEP-05,Financial Analyst,2023-01-31,,1218,3
EMP-2052,Erica Mathis,Male,24,DEP-02,Sales Manager,2022-03-01,,3175,3
EMP-2053,Tiffany Schultz,Female,22,DEP-04,SEO Specialist,2018-08-21,,1074,3
EMP-2054,Diana Taylor,Female,48,DEP-04,SEO Specialist,2022-05-23,2023-03-05,981,2
EMP-2055,John Macias,Female,35,DEP-06,Operations Manager,2021-01-09,,2711,3
EMP-2056,Beverly Flores,Female,32,DEP-06,Operations Manager,2022-06-16,,1765,5
EMP-2057,Douglas Miles,Female,48,DEP-05,Finance Manager,2021-05-02,,2146,3
EMP-2058,Joseph Johnson,Male,22,DEP-05,Accountant,2023-12-13,,819,4
EMP-2059,Alec Howard,Female,40,DEP-06,Logistics Coordinator,2023-02-15,,1363,4
EMP-2060,Sherri Johnson,Female,50,DEP-02,Account Executive,2020-09-20,,879,3
EMP-2061,Ashley Gardner,Female,28,DEP-06,Operations Associate,2019-02-19,,1586,4
EMP-2062,Pamela Burns,Female,46,DEP-05,Accountant,2021-01-19,,1308,3
EMP-2063,Kaitlyn Alexander,Male,48,DEP-02,Sales Representative,2024-01-16,,1644,3
EMP-2064,Ms. Kimberly Brennan MD,Male,28,DEP-06,Logistics Coordinator,2018-08-12,,1367,3
EMP-2065,Jenna Curtis,Female,30,DEP-01,Junior Developer,2019-10-11,,1683,3
EMP-2066,Michael Sanchez,Female,37,DEP-05,Finance Manager,2023-12-08,,3522,3
EMP-2067,Jason Lopez,Male,57,DEP-05,Finance Manager,2020-03-01,2021-01-18,1409,5
EMP-2068,Emily Jones,Male,53,DEP-02,Account Executive,2024-10-18,2025-09-13,1587,3
EMP-2069,Jason Williams,Male,53,DEP-03,HR Specialist,2020-01-31,,924,2
EMP-2070,Christopher Howard,Male,26,DEP-04,Content Creator,2019-12-03,,1334,2
EMP-2071,John Salazar,Male,42,DEP-05,Financial Analyst,2018-01-19,,614,2
EMP-2072,Roger Smith,Female,48,DEP-01,Junior Developer,2020-08-01,,926,4
EMP-2073,Eric Miller,Male,43,DEP-02,Sales Manager,2021-08-05,,1801,3
EMP-2074,Jessica Wagner,Female,58,DEP-03,HR Manager,2021-07-31,,2125,3
EMP-2075,Richard Evans,Female,32,DEP-03,Recruiter,2023-10-16,,1464,4
EMP-2076,Robin Castro,Male,55,DEP-06,Operations Associate,2022-03-27,,821,4
EMP-2077,Gabriela Crosby,Female,58,DEP-04,SEO Specialist,2020-05-17,2022-02-12,1610,4
EMP-2078,Sharon Richardson,Male,47,DEP-02,Sales Representative,2018-11-26,,1449,3
EMP-2079,Gregory Payne,Male,54,DEP-01,DevOps Engineer,2024-12-06,,862,5
EMP-2080,Christina Macias,Female,44,DEP-05,Finance Manager,2018-09-07,2021-03-01,3720,5
EMP-2081,Mr. Tyler Wells,Male,41,DEP-05,Accountant,2020-04-19,,1738,5
EMP-2082,Deborah Hayden,Male,54,DEP-01,Junior Developer,2022-04-30,,1347,3
EMP-2083,Anne Blair,Female,45,DEP-02,Sales Manager,2019-09-09,,2147,3
EMP-2084,Kevin Mueller,Female,41,DEP-02,Sales Representative,2023-03-20,,1083,3
EMP-2085,Patricia Brandt,Male,44,DEP-04,Content Creator,2022-09-18,,1497,4
EMP-2086,Jessica Anderson,Female,26,DEP-06,Operations Associate,2023-06-21,,680,4
EMP-2087,Shannon Rocha,Female,27,DEP-03,Recruiter,2018-10-11,,719,3
EMP-2088,Kaitlyn Davis,Female,33,DEP-04,Content Creator,2020-07-02,2021-10-06,1045,3
EMP-2089,Raymond Payne,Male,40,DEP-05,Accountant,2023-10-17,,1654,4
EMP-2090,Tracie Wilson,Male,23,DEP-03,HR Manager,2019-08-14,,2660,3
EMP-2091,Charles Watson,Female,40,DEP-02,Sales Manager,2021-07-06,,3639,3
EMP-2092,Jesse Mcdowell,Female,54,DEP-03,HR Manager,2019-08-20,2021-04-16,3950,2
EMP-2093,Paul Cummings,Female,41,DEP-05,Accountant,2018-09-09,,648,1
EMP-2094,Joseph Saunders,Male,26,DEP-03,HR Specialist,2021-09-16,,949,5
EMP-2095,Daniel Weaver,Male,39,DEP-06,Logistics Coordinator,2021-06-14,,1703,5
EMP-2096,Kyle Dominguez,Male,24,DEP-02,Account Executive,2020-06-24,,1093,3
EMP-2097,Taylor Smith,Female,47,DEP-05,Accountant,2025-02-03,,1787,3
EMP-2098,Theodore Robinson,Female,46,DEP-01,QA Tester,2019-02-06,,1420,4
EMP-2099,Mr. Charles Cunningham PhD,Female,28,DEP-04,Marketing Manager,2022-08-29,2023-05-07,3556,4
EMP-2100,Charlene Douglas,Female,31,DEP-03,Recruiter,2018-10-31,2020-06-30,1007,3
EMP-2101,Timothy Richardson,Female,27,DEP-01,Junior Developer,2019-10-16,,825,3
EMP-2102,Rachel Daniels,Female,51,DEP-05,Accountant,2020-02-15,,1379,1
EMP-2103,Derek Pena,Female,27,DEP-01,Junior Developer,2021-10-07,,922,3
EMP-2104,Alyssa Rivera,Female,33,DEP-02,Sales Manager,2018-06-17,,4156,3
EMP-2105,Elizabeth Sheppard,Male,32,DEP-03,HR Manager,2022-07-19,,1332,3
EMP-2106,Jon Petty,Male,30,DEP-04,Marketing Manager,2024-02-16,,2037,4
EMP-2107,Sharon Morales,Male,49,DEP-02,Account Executive,2022-05-17,,908,3
EMP-2108,Lynn Cobb,Female,54,DEP-02,Account Executive,2023-08-11,2024-04-27,800,3
EMP-2109,Marcus Reese,Male,32,DEP-01,QA Tester,2024-01-05,,1541,3
EMP-2110,Melissa Castillo,Female,57,DEP-06,Operations Manager,2023-11-25,,3511,4
EMP-2111,Pamela Hardin,Male,50,DEP-04,Marketing Manager,2020-01-16,2020-10-30,3943,3
EMP-2112,Amanda Carter,Male,22,DEP-02,Sales Representative,2018-08-17,,1666,1
EMP-2113,Michelle Martinez,Male,52,DEP-02,Account Executive,2021-09-28,,1086,5
EMP-2114,Timothy Sanders,Male,37,DEP-01,Senior Developer,2025-01-23,2026-02-25,3705,3
EMP-2115,Amy Mccall,Female,45,DEP-04,Marketing Manager,2019-04-09,,4061,3
EMP-2116,David Vargas,Female,25,DEP-01,Junior Developer,2021-04-18,,964,3
EMP-2117,Gregg Shah,Male,22,DEP-05,Financial Analyst,2021-01-25,,752,3
EMP-2118,Brittany Martinez,Male,47,DEP-01,Senior Developer,2018-10-27,2019-09-15,3768,5
EMP-2119,Jennifer King,Male,25,DEP-03,HR Manager,2025-01-11,,4491,2
EMP-2120,Robin Davis,Male,39,DEP-06,Operations Associate,2023-07-27,,1494,5
EMP-2121,Kimberly Warren,Female,50,DEP-01,QA Tester,2019-09-24,,1301,3
EMP-2122,Jonathan Murphy,Male,31,DEP-05,Finance Manager,2021-08-07,,3526,2
EMP-2123,Jeff Elliott,Female,38,DEP-02,Sales Manager,2022-10-09,,4235,3
EMP-2124,Brandy Owens,Male,33,DEP-06,Operations Associate,2020-03-13,,677,4
EMP-2125,April Allen,Female,40,DEP-04,Content Creator,2024-03-26,,1713,3
EMP-2126,Katherine Delgado,Female,48,DEP-01,QA Tester,2021-12-23,2023-03-31,1118,3
EMP-2127,Lisa Burns,Female,23,DEP-02,Account Executive,2020-04-25,,1293,3
EMP-2128,Lisa Martin,Female,55,DEP-05,Accountant,2020-08-07,2021-05-19,1433,3
EMP-2129,James Cox,Female,43,DEP-06,Operations Manager,2019-12-30,,3854,3
EMP-2130,Sonya Woods,Male,35,DEP-03,HR Specialist,2018-03-23,,1350,3
EMP-2131,Kevin Anthony,Male,51,DEP-04,Marketing Manager,2020-10-23,,1931,4
EMP-2132,Charles Johnson,Male,47,DEP-01,DevOps Engineer,2025-06-14,,1700,3
EMP-2133,Gary Rivas,Female,57,DEP-05,Finance Manager,2024-01-02,,1471,4
EMP-2134,Laura Nichols,Male,22,DEP-01,DevOps Engineer,2024-06-05,,1730,3
EMP-2135,Cheyenne Taylor,Male,38,DEP-02,Account Executive,2020-10-07,2021-04-22,1341,3
EMP-2136,Pamela Thomas,Female,53,DEP-03,HR Manager,2018-10-04,,2124,4
EMP-2137,Jennifer Trevino,Female,39,DEP-04,Marketing Manager,2019-09-01,,2001,4
EMP-2138,Sandra Brooks,Female,43,DEP-05,Finance Manager,2025-03-02,,3502,4
EMP-2139,Meghan Ibarra,Female,37,DEP-06,Operations Associate,2023-06-21,2025-11-06,832,4
EMP-2140,Thomas Vargas,Female,49,DEP-03,Recruiter,2019-01-20,2019-08-14,1163,2
EMP-2141,Jerry Tate,Female,53,DEP-04,Content Creator,2024-10-12,,1787,3
EMP-2142,Nicholas Nunez,Female,41,DEP-06,Operations Associate,2019-06-26,,850,1
EMP-2143,Jacob Boyer,Female,55,DEP-02,Sales Manager,2023-05-02,2024-07-13,2455,2
EMP-2144,Lynn Simpson,Female,45,DEP-01,Senior Developer,2018-09-08,,2153,3
EMP-2145,Jennifer Garcia,Male,39,DEP-03,HR Manager,2023-02-08,,2245,5
EMP-2146,Jacqueline Contreras,Female,25,DEP-03,Recruiter,2024-02-05,,1551,3
EMP-2147,Sabrina Lopez,Female,40,DEP-05,Financial Analyst,2019-09-21,,1466,5
EMP-2148,Glenn Garcia,Female,52,DEP-03,HR Specialist,2023-07-24,,1253,3
EMP-2149,Derek Watkins,Female,29,DEP-05,Finance Manager,2018-11-20,,4080,4
EMP-2150,Dustin Zhang,Male,36,DEP-01,Senior Developer,2020-07-06,,3168,3
EMP-2151,Roy Gomez,Male,25,DEP-03,HR Specialist,2018-01-31,,1055,3
EMP-2152,Amy Ramos,Female,38,DEP-02,Sales Manager,2023-07-24,2024-10-04,3612,3
EMP-2153,Leslie Pitts,Female,56,DEP-04,SEO Specialist,2018-05-23,2019-04-07,1772,3
EMP-2154,Elizabeth Coleman,Male,48,DEP-01,QA Tester,2025-02-21,,738,3
EMP-2155,Stephen Miller,Male,24,DEP-04,Content Creator,2024-12-27,,1687,3
EMP-2156,Shawn Harvey,Male,56,DEP-06,Operations Associate,2019-04-18,,925,3
EMP-2157,Dylan Anderson,Male,36,DEP-03,HR Manager,2021-04-29,,2918,3
EMP-2158,Samuel Woodard,Female,31,DEP-02,Sales Representative,2020-06-26,,1617,3
EMP-2159,Jeffrey Brown,Female,57,DEP-04,Content Creator,2021-07-29,,1211,3
EMP-2160,Stephanie Oliver,Female,53,DEP-02,Sales Manager,2021-11-15,,2313,5
EMP-2161,Mr. Bradley Ramirez,Male,34,DEP-05,Financial Analyst,2023-12-19,,1590,2
EMP-2162,Lynn Hernandez,Female,50,DEP-04,SEO Specialist,2025-01-23,,744,3
EMP-2163,Steven Clements,Female,43,DEP-01,Senior Developer,2025-01-10,,3025,3
EMP-2164,Meredith Morgan,Female,36,DEP-04,SEO Specialist,2018-04-21,,1186,4
EMP-2165,Lucas Powers MD,Male,58,DEP-01,DevOps Engineer,2020-05-20,,1608,2
EMP-2166,Corey Jones,Male,52,DEP-06,Operations Associate,2021-04-04,2023-02-26,1326,5
EMP-2167,Brenda Diaz,Male,25,DEP-06,Operations Associate,2019-12-17,,864,3
EMP-2168,James Robinson,Female,29,DEP-03,HR Specialist,2021-09-03,,1341,3
EMP-2169,Adam Martinez,Female,30,DEP-01,Junior Developer,2025-02-25,,1794,4
EMP-2170,Stephen Kennedy,Male,22,DEP-02,Sales Manager,2022-08-21,,2969,2
EMP-2171,Zachary Stewart,Male,40,DEP-06,Operations Manager,2023-05-26,,1270,3
EMP-2172,Denise Payne,Female,58,DEP-03,HR Manager,2023-11-05,,3372,5
EMP-2173,Trevor Keller,Female,50,DEP-05,Financial Analyst,2020-04-12,,1532,3
EMP-2174,John Martin,Male,33,DEP-06,Operations Manager,2019-01-23,,3543,3
EMP-2175,Amanda Gonzalez,Female,42,DEP-04,Marketing Manager,2018-06-18,,1965,3
EMP-2176,Catherine Hughes,Female,24,DEP-01,QA Tester,2021-02-05,2023-04-07,814,3
EMP-2177,Gabriel Webster,Male,47,DEP-01,Senior Developer,2022-07-23,,3919,3
EMP-2178,Joshua Johnson,Male,44,DEP-06,Operations Associate,2018-11-22,,841,4
EMP-2179,Richard Butler,Male,43,DEP-02,Account Executive,2019-03-09,2020-08-12,1727,2
EMP-2180,Kathryn Fields,Male,24,DEP-06,Logistics Coordinator,2018-11-20,,1093,3
EMP-2181,Randy Lester,Male,33,DEP-05,Finance Manager,2023-10-01,,4143,3
EMP-2182,Harold Jones,Male,37,DEP-04,Marketing Manager,2024-01-25,,3793,1
EMP-2183,Joseph Gates,Female,28,DEP-03,Recruiter,2019-03-17,,1071,5
EMP-2184,Amanda Bauer,Female,38,DEP-05,Financial Analyst,2018-02-18,,1323,1
EMP-2185,Seth Johnson,Male,50,DEP-02,Sales Representative,2019-01-02,,1720,3
EMP-2186,Emily Harmon,Male,46,DEP-01,QA Tester,2020-11-18,,1059,3
EMP-2187,Christopher Ho,Female,50,DEP-06,Operations Associate,2021-10-02,,1315,2
EMP-2188,Michelle Mcclure,Female,44,DEP-03,HR Manager,2023-09-16,,2394,3
EMP-2189,Jessica Johnson,Female,27,DEP-06,Operations Manager,2018-09-10,,2994,3
EMP-2190,Shawn Martinez,Male,40,DEP-04,SEO Specialist,2018-01-09,,1244,1
EMP-2191,Scott Hines,Male,46,DEP-03,HR Manager,2021-11-30,,1984,2
EMP-2192,Allison Santos,Female,22,DEP-05,Accountant,2021-08-30,,1686,5
EMP-2193,Thomas Flores,Female,42,DEP-03,HR Manager,2025-06-06,,2136,1
EMP-2194,Kenneth Sanchez,Female,30,DEP-03,HR Specialist,2021-06-22,,1552,3
EMP-2195,Connor Sullivan,Female,57,DEP-01,DevOps Engineer,2024-01-31,2025-09-05,1204,4
EMP-2196,Jennifer Martin,Male,29,DEP-05,Financial Analyst,2023-03-16,2023-09-15,1584,3
EMP-2197,Brianna Mcguire,Male,44,DEP-01,Senior Developer,2018-07-24,,2689,3
EMP-2198,Adam Petty,Male,55,DEP-02,Account Executive,2020-01-26,,917,4
EMP-2199,Theresa Castro,Female,50,DEP-06,Operations Associate,2024-07-30,,986,3
EMP-2200,Pamela Cameron,Male,37,DEP-02,Sales Representative,2020-11-14,,1282,3
EMP-2201,Justin Burgess,Male,38,DEP-01,Junior Developer,2023-10-26,,1223,2
EMP-2202,Andrew Jackson,Male,57,DEP-04,Marketing Manager,2018-08-06,2019-06-23,2356,3
EMP-2203,Keith Porter,Male,48,DEP-03,Recruiter,2023-04-02,,932,3
EMP-2204,Andrew Salazar,Female,50,DEP-03,HR Manager,2023-09-30,,3633,3
EMP-2205,Gregory Jones,Male,28,DEP-05,Finance Manager,2021-10-02,2022-08-26,1239,3
EMP-2206,David Martin,Female,49,DEP-02,Account Executive,2023-08-02,,1686,4
EMP-2207,Shane Mack,Female,58,DEP-05,Financial Analyst,2021-01-05,2022-11-27,1100,3
EMP-2208,Kristin Lewis,Male,24,DEP-03,HR Manager,2022-06-30,,3163,3
EMP-2209,Heather Farmer,Male,29,DEP-04,SEO Specialist,2021-08-20,2023-08-12,1483,4
EMP-2210,Stephen Zuniga,Male,23,DEP-03,HR Specialist,2022-11-08,,941,2
EMP-2211,Isabella Campbell,Female,39,DEP-05,Financial Analyst,2018-07-20,,781,1
EMP-2212,Brenda Ray,Male,26,DEP-02,Sales Representative,2023-04-18,,1082,4
EMP-2213,Mrs. Amber Williams,Female,43,DEP-02,Sales Manager,2024-03-30,,1469,3
EMP-2214,Thomas Price,Female,53,DEP-01,DevOps Engineer,2023-08-27,,1664,3
EMP-2215,Michael Jones,Female,56,DEP-06,Operations Manager,2018-12-13,,2987,1
EMP-2216,Jillian Salazar,Female,33,DEP-01,QA Tester,2021-12-02,,943,1
EMP-2217,William Nguyen,Female,50,DEP-06,Operations Associate,2018-04-07,,703,4
EMP-2218,Ricky Boyd,Male,35,DEP-06,Operations Associate,2024-03-21,,611,5
EMP-2219,Evan Chapman,Female,25,DEP-04,Marketing Manager,2021-02-09,,3918,3
EMP-2220,Michael Wood,Female,50,DEP-02,Sales Manager,2021-10-24,,1261,4
EMP-2221,Tina Gordon,Female,45,DEP-05,Accountant,2018-10-05,,1434,3
EMP-2222,Lori Miller,Male,55,DEP-03,HR Manager,2019-10-13,,3311,2
EMP-2223,Brad Dillon,Female,44,DEP-06,Logistics Coordinator,2021-10-09,,1574,3
EMP-2224,Candice Hammond,Male,49,DEP-05,Accountant,2021-11-19,,706,5
EMP-2225,Jason Ross,Male,52,DEP-05,Financial Analyst,2020-07-05,,1137,5
EMP-2226,Jonathan Crawford,Male,51,DEP-06,Operations Manager,2021-09-19,,1353,3
EMP-2227,James Williams,Female,29,DEP-04,Marketing Manager,2019-11-09,,2385,3
EMP-2228,Vickie Franco,Male,57,DEP-01,QA Tester,2022-02-26,2022-12-11,672,1
EMP-2229,Dustin Hernandez,Female,47,DEP-02,Sales Manager,2019-03-18,,4332,4
EMP-2230,Richard Hayes,Female,39,DEP-01,DevOps Engineer,2019-06-16,,1094,4
EMP-2231,Nicole Green,Female,24,DEP-04,SEO Specialist,2021-01-03,,1791,2
EMP-2232,Emma Moss,Male,27,DEP-05,Financial Analyst,2020-03-22,,1445,3
EMP-2233,Andrew Thompson,Male,43,DEP-05,Finance Manager,2023-10-23,,4429,3
EMP-2234,Megan Doyle,Male,45,DEP-02,Account Executive,2024-02-23,2026-05-15,1074,5
EMP-2235,Monica Smith,Male,23,DEP-03,HR Manager,2019-12-13,,3981,3
EMP-2236,Jennifer Anderson,Female,23,DEP-04,Marketing Manager,2022-05-10,,2302,3
EMP-2237,Michael Jones,Male,41,DEP-04,Marketing Manager,2020-09-04,,1610,5
EMP-2238,Savannah Steele,Male,44,DEP-04,Content Creator,2021-02-26,,1103,3
EMP-2239,Stephanie Cook,Female,24,DEP-04,Content Creator,2022-05-22,2024-12-05,1306,3
EMP-2240,Jenny Lin,Male,52,DEP-04,Marketing Manager,2022-07-20,2025-03-18,1669,3
EMP-2241,Marcia Johnson,Female,36,DEP-03,HR Specialist,2024-11-30,,1267,2
EMP-2242,Michael Boyd,Female,27,DEP-03,Recruiter,2020-04-23,,929,5
EMP-2243,Rebecca Owen,Female,47,DEP-01,QA Tester,2021-09-03,,838,5
EMP-2244,Sean Mendoza,Male,31,DEP-03,Recruiter,2019-05-10,2020-07-13,1240,3
EMP-2245,Deborah Jackson,Female,33,DEP-05,Accountant,2021-01-19,,1261,2
EMP-2246,Ashley Dunn,Female,40,DEP-04,Marketing Manager,2021-04-21,,2129,1
EMP-2247,Johnny Graves,Male,28,DEP-01,DevOps Engineer,2023-10-23,,1343,3
EMP-2248,Drew Perry,Male,39,DEP-06,Operations Manager,2022-01-18,,3560,1
EMP-2249,Erik Hobbs,Female,22,DEP-03,HR Manager,2025-06-10,,3824,3
EMP-2250,Dana Webb,Male,33,DEP-04,SEO Specialist,2025-02-05,,1067,2
EMP-2251,Dr. Joel Knight MD,Male,58,DEP-05,Finance Manager,2023-06-22,,3338,3
EMP-2252,David Jackson,Female,27,DEP-05,Finance Manager,2020-08-31,,1592,4
EMP-2253,Kristin Mack,Female,58,DEP-04,SEO Specialist,2019-05-08,,1086,3
EMP-2254,Jordan Anderson,Male,54,DEP-04,SEO Specialist,2021-06-17,2022-12-02,835,3
EMP-2255,Christine Ford,Female,55,DEP-06,Operations Manager,2018-07-13,,2577,4
EMP-2256,James Duffy MD,Male,51,DEP-05,Financial Analyst,2022-08-30,,1044,3
EMP-2257,Jennifer Cox,Female,40,DEP-04,SEO Specialist,2022-11-17,,1290,2
EMP-2258,Nicholas Hart,Female,53,DEP-01,QA Tester,2019-12-22,,1419,3
EMP-2259,Robin Green,Male,38,DEP-02,Sales Manager,2023-01-10,,1983,1
EMP-2260,George Walker,Male,58,DEP-03,HR Manager,2021-08-07,,3983,3
EMP-2261,Eric Mason,Male,37,DEP-01,QA Tester,2019-02-06,,955,3
EMP-2262,Patricia Castillo,Male,35,DEP-03,Recruiter,2019-09-14,,1451,3
EMP-2263,Christine Robertson,Male,39,DEP-04,Content Creator,2022-11-25,,981,4
EMP-2264,David Neal,Female,48,DEP-04,Content Creator,2019-02-21,,1430,3
EMP-2265,Antonio Hernandez,Female,38,DEP-05,Finance Manager,2023-02-14,,1293,3
EMP-2266,Johnny Barrett,Female,30,DEP-06,Logistics Coordinator,2023-10-29,,1037,3
EMP-2267,Rhonda Wright,Male,28,DEP-02,Sales Manager,2018-10-26,,1469,2
EMP-2268,Andrea Martinez,Female,30,DEP-01,DevOps Engineer,2024-02-28,,1428,3
EMP-2269,John Shaffer,Male,45,DEP-06,Operations Manager,2020-12-15,2021-10-26,3062,2
EMP-2270,Lauren Owens,Male,47,DEP-06,Operations Manager,2022-07-25,,1263,4
EMP-2271,Benjamin Brown,Male,33,DEP-06,Logistics Coordinator,2022-05-05,,1207,1
EMP-2272,Victoria Smith,Female,26,DEP-04,SEO Specialist,2022-07-14,,1192,3
EMP-2273,Robert Potter II,Female,37,DEP-01,Junior Developer,2025-03-23,,1691,2
EMP-2274,Derek Beck,Male,31,DEP-06,Logistics Coordinator,2024-06-08,,1357,1
EMP-2275,Angela Wright,Female,55,DEP-06,Logistics Coordinator,2018-10-10,,1084,3
EMP-2276,Miss Virginia Santos DVM,Female,24,DEP-03,HR Specialist,2018-05-06,,1060,2
EMP-2277,Bobby Jackson,Female,40,DEP-05,Financial Analyst,2023-07-05,,988,2
EMP-2278,Antonio Martin,Male,50,DEP-04,Content Creator,2020-08-04,2022-04-25,1018,5
EMP-2279,Robin Young,Female,31,DEP-01,Junior Developer,2019-02-23,2020-08-13,1483,1
EMP-2280,Kenneth Richardson,Male,27,DEP-04,Content Creator,2019-08-06,2022-04-04,1374,4
EMP-2281,Michael Reynolds,Male,37,DEP-04,Content Creator,2020-04-10,,1159,4
EMP-2282,Troy Hunter,Male,50,DEP-01,Junior Developer,2022-07-11,2023-05-21,914,3
EMP-2283,Sarah Robinson,Female,27,DEP-05,Financial Analyst,2018-08-12,,1475,4
EMP-2284,Jennifer Barnes DDS,Male,52,DEP-04,Content Creator,2023-10-27,,1578,3
EMP-2285,Tracey Williams,Female,57,DEP-06,Logistics Coordinator,2019-12-21,,1481,3
EMP-2286,Stephanie Conway,Male,23,DEP-06,Operations Associate,2020-04-05,,685,3
EMP-2287,Sally Barron,Male,52,DEP-02,Sales Manager,2025-04-17,,3950,5
EMP-2288,Michael Brown,Male,37,DEP-04,SEO Specialist,2021-05-14,,1545,4
EMP-2289,Jenna Cooper,Male,50,DEP-01,Junior Developer,2023-04-30,,1404,4
EMP-2290,John Gross,Female,34,DEP-03,HR Specialist,2021-08-20,,1690,5
EMP-2291,Reginald Murillo,Female,52,DEP-05,Finance Manager,2024-02-13,,4415,4
EMP-2292,Stephanie Bryant,Female,33,DEP-04,Content Creator,2018-11-05,2019-05-15,1032,2
EMP-2293,Daniel Alexander,Female,27,DEP-06,Operations Associate,2019-08-12,2021-04-04,1330,3
EMP-2294,Sandra Wallace,Male,53,DEP-01,Senior Developer,2022-12-20,,3475,2
EMP-2295,Juan Johnson,Male,29,DEP-03,HR Manager,2019-04-21,,1747,2
EMP-2296,Melvin Fowler,Female,22,DEP-04,Marketing Manager,2025-02-19,,2840,4
EMP-2297,Carol Goodman,Female,30,DEP-05,Financial Analyst,2018-08-14,,873,3
EMP-2298,Christian Mills,Female,41,DEP-04,Content Creator,2025-02-06,,1303,3
EMP-2299,Dennis Pierce,Male,49,DEP-04,SEO Specialist,2022-11-29,,1466,3
EMP-2300,Barbara Cohen,Female,47,DEP-03,HR Manager,2022-10-11,,3962,3
EMP-2301,David Goodman,Female,23,DEP-05,Accountant,2023-08-12,,888,3
EMP-2302,Ashlee Hughes,Male,32,DEP-03,HR Manager,2021-10-14,,3548,4
EMP-2303,Elaine Baker,Female,57,DEP-01,Junior Developer,2021-04-04,,1350,3
EMP-2304,William Thompson,Female,28,DEP-02,Sales Manager,2018-03-09,,4034,5
EMP-2305,Crystal Johnson,Female,46,DEP-06,Operations Manager,2019-05-26,,2765,2
EMP-2306,Blake Harris,Female,40,DEP-02,Sales Representative,2018-05-01,,759,3
EMP-2307,Nathan Smith,Male,34,DEP-02,Sales Manager,2024-01-22,,3606,5
EMP-2308,Beth Waters,Male,27,DEP-02,Account Executive,2018-04-13,,1111,3
EMP-2309,Henry Montoya,Male,29,DEP-02,Sales Manager,2024-07-09,,3121,3
EMP-2310,Devin Humphrey,Female,33,DEP-02,Sales Representative,2022-10-20,,1728,3
EMP-2311,Laura Lawrence,Male,30,DEP-04,SEO Specialist,2022-12-21,,1320,1
EMP-2312,Brenda Smith,Male,45,DEP-01,QA Tester,2023-01-29,2024-03-07,1304,3
EMP-2313,Robert Johnson,Male,49,DEP-05,Finance Manager,2019-05-26,,1537,5
EMP-2314,Chelsea Duncan,Female,40,DEP-03,HR Specialist,2020-10-10,,1117,5
EMP-2315,Jacqueline Rodriguez,Male,27,DEP-01,Junior Developer,2024-01-24,,1047,2
EMP-2316,Elizabeth Tran,Male,46,DEP-05,Finance Manager,2023-07-24,,1420,2
EMP-2317,Neil Perez,Male,37,DEP-04,Marketing Manager,2019-06-21,,4338,4
EMP-2318,Krista Phelps,Male,42,DEP-01,DevOps Engineer,2019-11-10,,816,4
EMP-2319,Stephen Hernandez,Female,25,DEP-06,Operations Manager,2023-12-02,2025-04-15,3222,3
EMP-2320,Amanda Morgan,Male,49,DEP-06,Logistics Coordinator,2022-06-08,,1430,3
EMP-2321,Jessica Lewis,Male,47,DEP-02,Account Executive,2024-08-28,,767,5
EMP-2322,Christopher Watson,Female,42,DEP-06,Logistics Coordinator,2021-03-09,,1448,3
EMP-2323,Thomas Bentley MD,Female,22,DEP-01,Senior Developer,2021-10-13,,2554,3
EMP-2324,Sarah Davis,Male,35,DEP-01,DevOps Engineer,2020-04-30,,1195,3
EMP-2325,Elizabeth Smith,Female,25,DEP-06,Operations Associate,2020-03-08,,1360,4
EMP-2326,Lisa Jones,Female,37,DEP-06,Operations Manager,2023-06-19,,1770,3
EMP-2327,Heather Yates,Female,40,DEP-03,Recruiter,2021-06-12,,1501,3
EMP-2328,Arthur Ramos,Male,55,DEP-01,Junior Developer,2020-01-18,,1556,5
EMP-2329,Theresa Austin,Female,24,DEP-04,Content Creator,2024-06-20,,1738,3
EMP-2330,Amanda Miller,Female,49,DEP-03,HR Specialist,2023-02-11,,1399,3
EMP-2331,Rachel Jacobs,Male,57,DEP-05,Accountant,2024-10-11,,957,3
EMP-2332,Alicia Villa,Female,39,DEP-03,HR Specialist,2024-10-08,,1227,4
EMP-2333,Deborah Hernandez,Female,39,DEP-06,Operations Associate,2019-08-19,,1162,3
EMP-2334,Steven Garcia,Female,36,DEP-04,Marketing Manager,2022-06-24,,2561,4
EMP-2335,Christopher Scott,Female,53,DEP-04,Content Creator,2024-02-06,,686,3
EMP-2336,Marvin Watson,Male,45,DEP-04,Marketing Manager,2020-02-20,,2197,4
EMP-2337,Austin Higgins,Male,26,DEP-03,HR Specialist,2020-11-07,,725,2
EMP-2338,Brian Ponce,Male,46,DEP-05,Accountant,2020-08-27,,957,4
EMP-2339,Mr. Michael Floyd MD,Female,49,DEP-04,Content Creator,2024-03-05,,1211,3
EMP-2340,Jennifer Thompson,Male,36,DEP-05,Financial Analyst,2022-06-08,,661,3
EMP-2341,Caleb Huff,Male,39,DEP-06,Logistics Coordinator,2024-05-23,2026-05-15,1538,3
EMP-2342,Vanessa Thomas,Male,52,DEP-01,Junior Developer,2020-08-02,,1082,4
EMP-2343,Jamie Williams,Female,55,DEP-04,Marketing Manager,2023-01-03,,3934,2
EMP-2344,Jeremy Clark,Male,43,DEP-03,HR Manager,2019-03-02,,2134,4
EMP-2345,Brianna Reilly,Female,58,DEP-01,DevOps Engineer,2023-12-27,,1304,3
EMP-2346,James Huff,Female,53,DEP-02,Sales Manager,2021-06-09,,2110,3
EMP-2347,Johnny Taylor,Female,42,DEP-05,Financial Analyst,2022-10-29,,1692,3
EMP-2348,Mark Fernandez,Male,52,DEP-06,Operations Associate,2018-11-10,2019-08-30,848,2
EMP-2349,Christopher Johnson,Female,48,DEP-01,QA Tester,2020-04-21,2021-09-20,1421,3
EMP-2350,Jared Tate,Male,36,DEP-06,Operations Associate,2021-11-24,,694,3
EMP-2351,David Barrett,Female,57,DEP-01,Senior Developer,2023-08-22,,2908,4
EMP-2352,Olivia Singleton,Female,22,DEP-04,SEO Specialist,2020-05-11,,1687,3
EMP-2353,Mr. Scott Smith,Female,45,DEP-02,Account Executive,2018-05-18,2020-03-10,1437,3
EMP-2354,Megan Pineda,Female,31,DEP-06,Logistics Coordinator,2025-02-13,,1455,2
EMP-2355,Lisa Joseph,Female,53,DEP-04,SEO Specialist,2024-10-07,,1480,3
EMP-2356,Martha Hernandez,Male,38,DEP-06,Logistics Coordinator,2021-05-27,,935,2
EMP-2357,Bob Andrews,Male,24,DEP-03,HR Manager,2020-03-08,,1792,2
EMP-2358,Brittany Carlson,Female,39,DEP-06,Operations Associate,2020-10-07,,1093,3
EMP-2359,Ethan Martin,Female,56,DEP-01,Junior Developer,2022-10-24,,670,3
EMP-2360,Raymond Quinn,Female,34,DEP-02,Sales Representative,2020-03-16,2022-08-05,651,3
EMP-2361,Jessica Oconnell,Male,22,DEP-02,Account Executive,2022-11-20,,667,3
EMP-2362,Tammy Sims,Male,56,DEP-03,Recruiter,2021-11-12,,628,3
EMP-2363,Tara Powell,Female,39,DEP-05,Financial Analyst,2025-05-20,,1237,4
EMP-2364,Carrie Bell,Female,40,DEP-03,HR Manager,2023-08-12,,4027,3
EMP-2365,Nicole Hughes,Male,27,DEP-02,Sales Manager,2024-08-03,,4495,3
EMP-2366,Jerome Norman,Female,44,DEP-02,Sales Manager,2022-07-14,,4007,5
EMP-2367,Joshua Wade,Male,37,DEP-03,Recruiter,2020-08-13,,1693,4
EMP-2368,Chase Smith,Male,27,DEP-02,Sales Manager,2019-05-03,,3834,3
EMP-2369,Richard Stephens,Female,26,DEP-05,Finance Manager,2024-06-08,,1549,3
EMP-2370,Sarah Pena,Female,56,DEP-01-OLD,Senior Developer,2019-08-08,,4034,3
EMP-2371,Chad Moss,Female,48,DEP-01,DevOps Engineer,2020-09-06,,1270,3
EMP-2372,Janice White,Female,55,DEP-01,DevOps Engineer,2025-02-08,,653,3
EMP-2373,Valerie Harrison,Female,25,DEP-05,Finance Manager,2022-08-02,,3040,3
EMP-2374,Micheal Bond,Male,23,DEP-04,Content Creator,2022-01-18,,760,5
EMP-2375,Stephen Hamilton,Female,54,DEP-03,HR Specialist,2023-09-05,,1735,3
EMP-2376,Randy Chung,Female,33,DEP-01,DevOps Engineer,2019-04-16,,1373,4
EMP-2377,Debra Brown,Male,53,DEP-05,Finance Manager,2020-03-28,,2118,3
EMP-2378,Stephanie Sellers,Male,52,DEP-01,QA Tester,2019-05-23,2020-03-21,1320,5
EMP-2379,Mario Davis Jr.,Male,39,DEP-01,Senior Developer,2020-07-27,,4158,3
EMP-2380,Scott Kelley,Female,28,DEP-01,Junior Developer,2025-03-16,,632,4
EMP-2381,Lori David,Female,31,DEP-02,Sales Manager,2018-06-14,2021-03-09,4063,5
EMP-2382,Benjamin Baldwin,Male,40,DEP-01,Junior Developer,2020-01-05,,1782,1
EMP-2383,Mark Anderson DVM,Female,41,DEP-06,Operations Manager,2021-02-12,,1757,2
EMP-2384,Barbara James,Male,43,DEP-05,Financial Analyst,2023-11-04,,1493,4
EMP-2385,Thomas Robinson,Female,24,DEP-03,Recruiter,2018-05-16,,1198,2
EMP-2386,Heather Trujillo,Male,55,DEP-03,Recruiter,2025-02-26,,1337,1
EMP-2387,Margaret Shepherd,Female,49,DEP-02,Account Executive,2020-03-19,,1095,3
EMP-2388,Richard Hanson,Male,55,DEP-01,Senior Developer,2025-05-14,,4083,3
EMP-2389,Samantha Haas,Female,43,DEP-02,Sales Representative,2024-10-27,2025-10-14,776,1
EMP-2390,Mr. Kevin Williams,Male,41,DEP-06,Operations Manager,2023-01-03,,3864,4
EMP-2391,Gary Graham,Male,29,DEP-01,Senior Developer,2024-03-21,2025-01-02,4050,3
EMP-2392,Steven Martinez,Male,58,DEP-05,Financial Analyst,2024-01-14,,683,3
EMP-2393,Andre Flores,Female,26,DEP-02,Account Executive,2024-12-05,,605,5
EMP-2394,Charles Mendoza,Female,40,DEP-03,HR Specialist,2022-05-10,,808,3
EMP-2395,Deborah Simmons,Female,43,DEP-02,Sales Manager,2023-12-01,,2852,3
EMP-2396,Chad Morris,Female,33,DEP-06,Logistics Coordinator,2018-03-18,,1322,3
EMP-2397,Ronald Johnson,Female,52,DEP-06,Operations Manager,2018-07-16,2019-08-20,3009,1
EMP-2398,David Mckenzie,Male,53,DEP-03,HR Specialist,2018-01-13,,1142,5
EMP-2399,Stephanie Cole DDS,Male,48,DEP-01,DevOps Engineer,2024-01-10,,1026,2
EMP-2400,Mr. Brian Harris,Male,36,DEP-06,Logistics Coordinator,2024-09-06,,667,4
EMP-2401,Shawn Shaw,Female,33,DEP-06,Operations Manager,2025-05-30,,2602,2
EMP-2402,Mr. Terry Sullivan,Male,25,DEP-02,Account Executive,2021-03-01,,857,2
EMP-2403,Casey Mcdaniel,Female,38,DEP-01,DevOps Engineer,2020-07-19,2022-03-23,1058,4
EMP-2404,Nicholas Hurley,Male,45,DEP-03,HR Manager,2025-03-02,2026-05-15,2892,1
EMP-2405,Christine Thornton,Male,28,DEP-06,Operations Associate,2020-10-06,,1160,4
EMP-2406,David Ochoa,Female,28,DEP-06,Logistics Coordinator,2020-01-31,,676,2
EMP-2407,Melanie Anderson,Male,40,DEP-03,Recruiter,2019-04-09,,903,3
EMP-2408,Sandra English,Male,47,DEP-03,HR Manager,2021-03-01,,3367,2
EMP-2409,Anthony Hunter,Male,43,DEP-06,Operations Associate,2018-05-28,,1002,3
EMP-2410,Amanda Brown,Male,22,DEP-03,HR Specialist,2018-04-26,,1768,2
EMP-2411,Paula Diaz,Female,55,DEP-03,Recruiter,2019-07-02,,1432,3
EMP-2412,Brenda Munoz,Female,44,DEP-01,QA Tester,2020-01-31,,1185,3
EMP-2413,Edward Carrillo,Female,37,DEP-06,Logistics Coordinator,2023-02-17,,659,2
EMP-2414,Michael Peters,Male,30,DEP-01,DevOps Engineer,2025-06-12,,1629,4
EMP-2415,Stephanie Wallace,Female,46,DEP-04,Marketing Manager,2023-02-17,,3362,3
EMP-2416,Melissa Wells,Male,22,DEP-05,Financial Analyst,2018-07-31,2020-06-25,865,4
EMP-2417,Nicholas Perry,Female,50,DEP-03,HR Specialist,2024-04-14,,777,2
EMP-2418,Jennifer Carroll,Female,23,DEP-05,Financial Analyst,2018-07-18,,1695,3
EMP-2419,Latoya Newton,Male,57,DEP-03,Recruiter,2025-05-14,,1597,4
EMP-2420,Christopher Khan,Female,22,DEP-04,SEO Specialist,2019-07-07,,1503,2
EMP-2421,Michelle Crawford,Female,58,DEP-01,DevOps Engineer,2024-11-30,,976,1
EMP-2422,Richard Armstrong,Male,43,DEP-02,Sales Manager,2024-05-26,2025-10-22,1538,3
EMP-2423,Jonathan Burke,Female,24,DEP-06,Logistics Coordinator,2019-01-01,,1163,5
EMP-2424,David Aguilar,Female,39,DEP-02,Account Executive,2020-09-01,,629,3
EMP-2425,Natalie Vance,Female,58,DEP-05,Financial Analyst,2023-07-11,,1495,3
EMP-2426,James Reyes,Female,42,DEP-06,Logistics Coordinator,2020-03-19,,1095,3
EMP-2427,Teresa Watson,Female,28,DEP-03,HR Manager,2024-11-05,,1943,5
EMP-2428,Jason Turner,Female,39,DEP-05,Accountant,2019-08-22,,1262,3
EMP-2429,Eric Brown,Male,30,DEP-03,HR Specialist,2022-06-01,,1211,3
EMP-2430,Michelle Holmes,Female,49,DEP-05,Accountant,2025-05-07,,1205,1
EMP-2431,Martin Wheeler,Female,41,DEP-03,HR Specialist,2024-01-03,,1028,4
EMP-2432,Rebekah Ruiz,Female,47,DEP-04,Content Creator,2019-10-23,2022-04-21,909,2
EMP-2433,Gabriel Jackson,Male,37,DEP-06,Logistics Coordinator,2024-01-03,,768,2
EMP-2434,Justin Roberts,Male,24,DEP-03,HR Manager,2023-07-14,2025-10-09,2066,3
EMP-2435,Richard Stone,Female,38,DEP-03,HR Manager,2021-09-19,,4330,3
EMP-2436,John Chen,Male,32,DEP-06,Logistics Coordinator,2024-03-15,,837,5
EMP-2437,Megan Simmons,Female,32,DEP-06,Logistics Coordinator,2022-04-13,2024-10-25,1463,3
EMP-2438,Kristin Nelson,Male,58,DEP-06,Operations Associate,2021-07-04,,1135,3
EMP-2439,Mark Morris,Female,33,DEP-05,Finance Manager,2020-10-28,2023-01-29,4194,3
EMP-2440,Michael Parsons,Female,47,DEP-01,Senior Developer,2023-01-27,,2591,4
EMP-2441,Rodney Sandoval,Male,55,DEP-03,HR Manager,2023-07-10,,3193,5
EMP-2442,Patricia Garcia,Female,30,DEP-02,Sales Representative,2022-12-22,2025-05-11,931,2
EMP-2443,David Johnson,Male,42,DEP-05,Financial Analyst,2020-08-25,,819,3
EMP-2444,Ernest Brown,Female,22,DEP-02,Account Executive,2018-05-22,2020-04-13,1657,3
EMP-2445,Victoria Sims,Male,41,DEP-02,Sales Representative,2023-01-11,,1091,3
EMP-2446,Brian Mason,Male,50,DEP-06,Operations Associate,2023-11-17,,771,2
EMP-2447,Alicia Williamson,Male,52,DEP-01,Junior Developer,2021-01-18,2022-05-31,1571,2
EMP-2448,Kelsey Bartlett,Male,33,DEP-01,QA Tester,2025-02-23,,1274,1
EMP-2449,Linda Ross,Male,41,DEP-06,Operations Manager,2025-04-02,,3408,3
EMP-2450,Angela Porter,Male,34,DEP-04,SEO Specialist,2023-08-10,2024-11-21,1453,3
EMP-2451,David Tucker Jr.,Female,46,DEP-03,HR Manager,2019-05-11,2021-08-23,2819,1
EMP-2452,Curtis Brown,Male,58,DEP-06,Operations Manager,2019-09-30,,2806,3
EMP-2453,Lisa Myers,Female,31,DEP-06,Operations Manager,2023-11-11,,2381,2
EMP-2454,Whitney Gill,Female,27,DEP-02,Sales Manager,2025-03-04,,1719,5
EMP-2455,Christina Terry,Female,37,DEP-03,HR Specialist,2018-09-06,,875,3
EMP-2456,Paula Hughes,Female,46,DEP-05,Finance Manager,2018-10-22,,1327,2
EMP-2457,Devin Lozano,Female,24,DEP-05,Financial Analyst,2020-12-20,,1238,3
EMP-2458,Heather King DDS,Female,35,DEP-04,Marketing Manager,2022-12-20,,1284,5
EMP-2459,Jon Rasmussen,Female,56,DEP-04,Content Creator,2024-01-20,,1048,3
EMP-2460,Kevin Moore,Female,58,DEP-03,HR Manager,2024-10-08,2026-05-15,1526,3
EMP-2461,Corey Bell,Female,35,DEP-03,Recruiter,2023-04-14,2024-10-20,887,4
EMP-2462,Darrell Garner,Female,46,DEP-02,Sales Representative,2022-08-10,,1514,1
EMP-2463,Kenneth Fisher,Female,43,DEP-01,QA Tester,2019-10-03,,1437,3
EMP-2464,Angela Walsh,Male,46,DEP-04,Content Creator,2021-07-29,,1526,1
EMP-2465,Jeremy Rodgers,Male,45,DEP-04,SEO Specialist,2022-01-19,,1678,3
EMP-2466,Roy Watts,Female,56,DEP-04,Marketing Manager,2018-07-12,,3078,5
EMP-2467,Elizabeth Scott,Female,28,DEP-01,DevOps Engineer,2025-04-25,,1363,3
EMP-2468,Michelle Marshall,Male,42,DEP-05,Financial Analyst,2019-10-09,2021-04-16,739,3
EMP-2469,David Andrews,Female,24,DEP-06,Operations Manager,2019-07-06,,4321,3
EMP-2470,Kevin Guzman,Female,27,DEP-06,Operations Associate,2024-02-06,,865,3
EMP-2471,Cheryl Walker,Male,37,DEP-05,Finance Manager,2020-11-04,,3542,4
EMP-2472,Jessica Vaughan,Male,50,DEP-01,QA Tester,2023-05-27,2024-03-16,1101,5
EMP-2473,Stephen Stokes,Male,42,DEP-04,SEO Specialist,2025-06-06,2026-05-15,1623,5
EMP-2474,Alexis Ross,Female,31,DEP-02,Account Executive,2024-03-18,,1226,3
EMP-2475,Timothy Martin,Male,55,DEP-04,Marketing Manager,2023-04-09,2024-05-10,1487,3
EMP-2476,Kevin Lozano,Male,33,DEP-03,HR Manager,2021-08-12,,4332,3
EMP-2477,Stephanie Johnson,Female,47,DEP-02,Sales Manager,2023-01-18,,3992,3
EMP-2478,Samantha Brooks,Male,48,DEP-04,Content Creator,2020-08-26,,1150,3
EMP-2479,John Gardner,Male,22,DEP-05,Accountant,2019-05-15,,1479,4
EMP-2480,April Thomas,Female,31,DEP-02,Sales Representative,2025-02-08,,890,3
EMP-2481,Ashley Brown,Female,50,DEP-05,Financial Analyst,2022-04-02,,937,3
EMP-2482,Donald Bush,Male,52,DEP-06,Operations Manager,2020-10-10,,1820,3
EMP-2483,Debra Pierce,Male,34,DEP-06,Operations Manager,2020-07-30,,3878,3
EMP-2484,Michael Nelson,Female,57,DEP-05,Financial Analyst,2018-07-05,,1055,3
EMP-2485,Carolyn Stewart,Female,38,DEP-06,Operations Manager,2025-06-21,,3294,3
EMP-2486,Garrett Cannon,Female,56,DEP-06,Operations Manager,2019-05-23,,4106,3
EMP-2487,Michael Harris,Female,27,DEP-01,DevOps Engineer,2024-10-05,,948,5
EMP-2488,Roger Lawson,Female,44,DEP-05,Financial Analyst,2024-03-16,,919,3
EMP-2489,Kathryn Clark,Female,55,DEP-03,HR Manager,2019-12-01,,3842,3
EMP-2490,Erik Delgado,Male,36,DEP-02,Sales Representative,2020-10-23,2022-09-24,847,3
EMP-2491,Melissa Mendoza,Female,30,DEP-06,Operations Manager,2022-06-23,,4456,2
EMP-2492,Justin Hernandez,Female,45,DEP-02,Account Executive,2022-02-01,,1277,3
EMP-2493,Maria Williams,Male,42,DEP-04,Marketing Manager,2019-02-14,,2446,3
EMP-2494,Brandi Johnson,Male,23,DEP-03,Recruiter,2020-12-09,2023-01-27,1112,3
EMP-2495,Megan Medina,Female,31,DEP-02,Account Executive,2019-05-03,,1326,4
EMP-2496,Jessica Scott,Female,26,DEP-03,HR Specialist,2021-02-16,,953,3
EMP-2497,Teresa Summers,Male,47,DEP-06,Logistics Coordinator,2022-06-06,,1253,2
EMP-2498,Heather Anderson,Male,22,DEP-04,SEO Specialist,2020-10-14,,1683,2
EMP-2499,Francis Smith,Female,27,DEP-06,Operations Associate,2022-11-26,,1665,3
EMP-2500,Hannah Richmond,Female,50,DEP-03,HR Manager,2023-09-30,,3783,3
EMP-2501,Catherine Maxwell,Male,38,DEP-01,Senior Developer,2022-08-26,,1766,5
EMP-2502,Kathryn Meza,Male,37,DEP-03,HR Manager,2021-04-01,,2399,3
EMP-2503,Melissa Wolfe,Female,40,DEP-05,Financial Analyst,2020-08-19,,638,1
EMP-2504,Lauren Hayes,Male,54,DEP-03,HR Specialist,2023-01-08,,1137,3
EMP-2505,Austin Benson,Female,35,DEP-03,HR Manager,2020-04-18,,4206,4
EMP-2506,Maxwell Donaldson,Male,32,DEP-01,Junior Developer,2023-04-26,,1632,3
EMP-2507,Roger Smith,Male,32,DEP-04,Content Creator,2025-03-05,,981,3
EMP-2508,Victoria West,Female,41,DEP-05,Accountant,2023-06-26,,1194,3
EMP-2509,Peter Franco,Female,54,DEP-02,Account Executive,2024-05-09,,1618,4
EMP-2510,Jeffery Vasquez,Male,54,DEP-04,SEO Specialist,2024-07-21,,691,4
EMP-2511,William Mccarty,Male,56,DEP-06,Logistics Coordinator,2020-02-25,,837,3
EMP-2512,Cody Hardy,Male,48,DEP-06,Logistics Coordinator,2023-06-06,,1453,3
EMP-2513,Aaron Anderson,Female,30,DEP-05,Accountant,2022-06-03,,1401,5
EMP-2514,Gerald Cole,Male,29,DEP-01,QA Tester,2018-06-19,,1417,2
EMP-2515,Marilyn Gonzalez,Male,48,DEP-02,Sales Manager,2025-01-06,,4164,4
EMP-2516,Carol Love,Male,44,DEP-03,Recruiter,2020-09-21,2022-06-21,1505,3
EMP-2517,Roberta Lynch,Male,45,DEP-01,QA Tester,2021-11-27,,1501,4
EMP-2518,Steven Hernandez,Female,29,DEP-01,DevOps Engineer,2019-02-28,,1640,4
EMP-2519,Jeffery Chapman,Male,51,DEP-06,Logistics Coordinator,2025-01-12,,633,5
EMP-2520,Martha Mays,Male,48,DEP-01-OLD,Senior Developer,2018-05-24,,4158,3
EMP-2521,Melissa Solis,Female,39,DEP-03,HR Manager,2023-03-03,,2112,5
EMP-2522,Timothy Perkins,Male,31,DEP-06,Operations Associate,2019-12-31,,1328,5
EMP-2523,Eileen Velazquez,Female,36,DEP-04,Marketing Manager,2025-06-11,,3904,3
EMP-2524,Raymond Taylor,Female,41,DEP-01,DevOps Engineer,2019-07-30,,1371,2
EMP-2525,Mia Mason,Female,24,DEP-05,Accountant,2018-07-14,,737,5
EMP-2526,Regina Mason,Male,51,DEP-01,DevOps Engineer,2020-02-17,,1728,4
EMP-2527,Vickie Harris,Male,34,DEP-02,Sales Representative,2018-11-13,,811,5
EMP-2528,Rebecca Pittman,Female,32,DEP-04,Content Creator,2019-04-20,,1266,4
EMP-2529,Samantha Clarke,Male,32,DEP-04,SEO Specialist,2021-02-25,,1460,2
EMP-2530,Victor Perry,Female,49,DEP-02,Sales Manager,2024-08-26,,3682,3
EMP-2531,Robin Smith,Male,25,DEP-04,Content Creator,2019-01-01,,813,3
EMP-2532,Michelle Larson,Male,30,DEP-03,HR Specialist,2023-06-01,,650,5
EMP-2533,Christina Coffey,Female,38,DEP-06,Logistics Coordinator,2022-04-17,,718,4
EMP-2534,Cameron Williams,Female,24,DEP-02,Sales Representative,2018-09-19,,1478,4
EMP-2535,Bryan Baker,Male,47,DEP-01,DevOps Engineer,2021-02-11,,1067,3
EMP-2536,Stephen Johnson,Female,49,DEP-01,Junior Developer,2019-08-07,,1511,3
EMP-2537,Andrea Johns,Female,50,DEP-01,Junior Developer,2018-12-05,2020-09-15,1117,5
EMP-2538,Heather Graves,Female,44,DEP-03,HR Manager,2021-04-25,,2618,4
EMP-2539,Rebecca Mullins,Male,31,DEP-02,Account Executive,2023-04-26,,1644,3
EMP-2540,Frances Thomas,Female,27,DEP-03,HR Specialist,2024-11-13,,1072,5
EMP-2541,Thomas Sherman,Female,51,DEP-05,Finance Manager,2021-09-13,,3601,4
EMP-2542,Shawn Bates,Female,43,DEP-01,Senior Developer,2024-09-03,,4115,2
EMP-2543,Charles Barnett,Male,42,DEP-02,Account Executive,2021-10-16,,1654,3
EMP-2544,Margaret Manning,Female,40,DEP-02,Sales Manager,2019-06-29,,3292,3
EMP-2545,Andrea Kelly,Female,32,DEP-05,Financial Analyst,2022-05-14,,760,4
EMP-2546,Cynthia Dennis,Female,29,DEP-06,Logistics Coordinator,2021-12-24,2024-07-20,1359,3
EMP-2547,Stacey Higgins,Female,39,DEP-01,Senior Developer,2024-10-18,,2263,4
EMP-2548,Kenneth Perkins,Male,52,DEP-05,Accountant,2024-04-04,,1654,2
EMP-2549,Renee Berry,Male,27,DEP-04,SEO Specialist,2018-12-01,,790,4
EMP-2550,Bradley Acevedo,Male,30,DEP-05,Finance Manager,2020-02-23,2021-08-03,3799,3
EMP-2551,Ryan Chung,Male,51,DEP-02,Sales Representative,2019-09-25,,1418,3
EMP-2552,Christopher Gray,Male,36,DEP-02,Account Executive,2024-04-07,,878,3
EMP-2553,Angela Rivera,Male,33,DEP-03,HR Specialist,2020-04-11,,1616,3
EMP-2554,Lindsay Moore,Male,47,DEP-01,Senior Developer,2019-05-13,,2439,3
EMP-2555,Harold Lucas,Female,55,DEP-06,Operations Manager,2019-06-08,2020-06-01,2893,4
EMP-2556,Nicholas Jacobs,Female,45,DEP-03,HR Manager,2022-11-05,,2717,3
EMP-2557,David Martin,Male,36,DEP-02,Sales Manager,2022-10-05,,3829,1
EMP-2558,Lindsay Wilson,Female,43,DEP-02,Sales Representative,2024-05-24,,1751,5
EMP-2559,Mark Mcpherson,Female,23,DEP-04,Marketing Manager,2019-03-13,2021-10-12,1934,3
EMP-2560,Donna Gay,Male,49,DEP-03,HR Manager,2020-10-20,,2625,4
EMP-2561,Nathan Garrett,Female,30,DEP-01,DevOps Engineer,2021-02-15,,909,2
EMP-2562,Alvin Fields,Male,29,DEP-06,Logistics Coordinator,2019-10-03,,926,3
EMP-2563,Cheryl Bell,Male,44,DEP-04,Marketing Manager,2018-03-23,,2128,4
EMP-2564,Timothy Long,Female,42,DEP-02,Account Executive,2020-02-06,,1691,2
EMP-2565,John Edwards,Male,25,DEP-01,QA Tester,2018-05-07,,1070,3
EMP-2566,Lisa Anderson,Female,24,DEP-02,Account Executive,2020-10-13,2022-12-06,1317,2
EMP-2567,Christina Sellers,Female,25,DEP-01,Senior Developer,2020-02-02,,2638,3
EMP-2568,Alexis Rojas,Male,24,DEP-02,Sales Manager,2019-01-26,,1830,2
EMP-2569,Jason Allen,Female,36,DEP-04,SEO Specialist,2021-04-07,2023-12-26,1383,3
EMP-2570,Billy Fuller,Female,51,DEP-03,HR Specialist,2022-05-08,,605,5
EMP-2571,David Martin,Female,44,DEP-04,Content Creator,2024-04-25,,968,4
EMP-2572,Ashley Rodriguez,Female,50,DEP-05,Finance Manager,2023-04-02,,1555,1
EMP-2573,Kelly Andrews,Female,36,DEP-06,Operations Associate,2024-10-01,2025-11-10,1395,2
EMP-2574,Michael Jackson,Female,29,DEP-04,Content Creator,2022-02-02,,1713,2
EMP-2575,Catherine Price,Female,31,DEP-06,Logistics Coordinator,2019-02-19,,1493,5
EMP-2576,Nancy James,Female,49,DEP-05,Financial Analyst,2021-09-20,,643,3
EMP-2577,Elizabeth Blevins,Male,57,DEP-03,Recruiter,2022-08-14,,1113,3
EMP-2578,Matthew Conrad,Female,49,DEP-02,Sales Manager,2023-03-13,,2999,5
EMP-2579,Michelle Martin,Male,53,DEP-05,Accountant,2020-02-02,,1282,3
EMP-2580,Jeffrey Smith,Female,44,DEP-05,Financial Analyst,2018-09-20,,1794,4
EMP-2581,Lisa Richardson,Male,56,DEP-02,Sales Manager,2018-04-24,,2740,3
EMP-2582,Clayton Mcdonald,Female,42,DEP-03,HR Specialist,2019-04-16,,1550,3
EMP-2583,Marissa Barrett,Male,40,DEP-02,Sales Manager,2019-03-18,,2060,3
EMP-2584,Mr. Walter King,Male,47,DEP-02,Sales Manager,2022-11-08,,2557,3
EMP-2585,Lawrence Miller,Male,22,DEP-05,Financial Analyst,2023-09-21,,1300,5
EMP-2586,Nicole Mitchell,Female,58,DEP-03,HR Specialist,2024-08-26,,1541,4
EMP-2587,Michael Costa,Female,39,DEP-06,Operations Associate,2020-05-09,,1388,3
EMP-2588,Eric Brown,Male,32,DEP-04,Marketing Manager,2023-01-16,,4166,3
EMP-2589,Judith Wang,Female,35,DEP-01,Senior Developer,2018-11-20,,2504,2
EMP-2590,Richard Welch,Male,34,DEP-04,Content Creator,2021-05-05,,1156,3
EMP-2591,James Mendoza,Male,22,DEP-06,Logistics Coordinator,2024-06-21,,605,3
EMP-2592,Kylie Baker,Female,32,DEP-02,Sales Representative,2024-06-10,,1277,3
EMP-2593,Sharon Richard,Male,23,DEP-03,HR Specialist,2024-11-19,2026-05-15,1149,4
EMP-2594,Andres Sims,Male,27,DEP-05,Finance Manager,2022-12-27,,2529,2
EMP-2595,Jason Phillips,Male,43,DEP-06,Logistics Coordinator,2024-04-08,,1772,3
EMP-2596,Dan Murphy,Female,46,DEP-04,SEO Specialist,2021-02-16,2022-01-21,1168,3
EMP-2597,Lisa Perez,Male,57,DEP-03,HR Specialist,2024-12-05,2026-05-15,778,3
EMP-2598,Karen Torres,Male,33,DEP-05,Finance Manager,2019-09-18,,2785,4
EMP-2599,Michelle Johnson,Female,39,DEP-02,Sales Representative,2020-09-25,,1477,5
EMP-2600,Patrick Silva,Female,35,DEP-04,Marketing Manager,2021-04-30,2023-02-07,4427,3
